region_order,regioncode,period,weekend_date,cw_sales,py_sales,sales_growth,cw_traffic,py_traffic,traffic_growth,closing_ratio,py_reported,py_closing_ratio,rank,TIV
1,26,201604,4/3/2016,670,647,0.0355,1851,1642.222266,0.127131229,0.362,739,0.449999988,1,
2,36,201604,4/3/2016,428,421,0.0166,1380,1480.000025,-0.067567583,0.3101,518,0.349999994,1,
3,34,201604,4/3/2016,1066,1012,0.0534,3527,3229.411731,0.092149374,0.3022,1098,0.340000004,1,
4,24,201604,4/3/2016,352,475,-0.2589,1110,1323.684227,-0.161431422,0.3171,503,0.379999995,1,
5,32,201604,4/3/2016,881,1008,-0.126,3087,3288.571485,-0.061294542,0.2854,1151,0.349999994,1,
6,42,201604,4/3/2016,359,359,0,1230,1148.571448,0.070895504,0.2919,402,0.349999994,1,
7,48,201604,4/3/2016,132,146,-0.0959,666,566.6666441,0.175294164,0.1982,153,0.270000011,1,
8,44,201604,4/3/2016,1037,1016,0.0207,3708,3425.000077,0.082627713,0.2797,1096,0.319999993,1,
1,26,201604,4/10/2016,1075,1063,0.0113,2570,2504.444511,0.02617566,0.4183,1127,0.449999988,2,
2,36,201604,4/10/2016,569,621,-0.0837,1611,2062.857178,-0.219044335,0.3532,722,0.349999994,2,
3,34,201604,4/10/2016,1463,1472,-0.0061,4475,4649.999951,-0.037634398,0.3269,1581,0.340000004,2,
4,24,201604,4/10/2016,524,578,-0.0934,1477,1628.947389,-0.093279494,0.3548,619,0.379999995,2,
5,32,201604,4/10/2016,1111,1146,-0.0305,3393,3651.428634,-0.070774664,0.3274,1278,0.349999994,2,
6,42,201604,4/10/2016,446,482,-0.0747,1235,1497.142883,-0.175095434,0.3611,524,0.349999994,2,
7,48,201604,4/10/2016,161,199,-0.191,646,748.1481184,-0.136534619,0.2492,202,0.270000011,2,
8,44,201604,4/10/2016,1344,1378,-0.0247,4725,4381.250098,0.07845932,0.2844,1402,0.319999993,2,
1,26,201604,4/17/2016,1162,1053,0.1035,2926,2484.44451,0.177728055,0.3971,1118,0.449999988,3,
2,36,201604,4/17/2016,634,607,0.0445,1866,1994.285748,-0.064326663,0.3398,698,0.349999994,3,
3,34,201604,4/17/2016,1539,1536,0.002,4977,4888.235243,0.018158855,0.3092,1662,0.340000004,3,
4,24,201604,4/17/2016,603,600,0.005,1648,1676.315811,-0.016891692,0.3659,637,0.379999995,3,
5,32,201604,4/17/2016,1111,1098,0.0118,3336,3548.571489,-0.059903398,0.333,1242,0.349999994,3,
6,42,201604,4/17/2016,436,491,-0.112,1321,1525.714312,-0.134176045,0.3301,534,0.349999994,3,
7,48,201604,4/17/2016,193,213,-0.0939,866,825.9258931,0.048520221,0.2229,223,0.270000011,3,
8,44,201604,4/17/2016,1371,1367,0.0029,4577,4337.500097,0.055216115,0.2995,1388,0.319999993,3,
1,26,201604,4/24/2016,1206,1081,0.1156,2929,2695.555627,0.086603434,0.4117,1213,0.449999988,4,
2,36,201604,4/24/2016,662,673,-0.0163,1924,2068.571464,-0.069889519,0.3441,724,0.349999994,4,
3,34,201604,4/24/2016,1714,1678,0.0215,5182,5152.941122,0.00563928,0.3308,1752,0.340000004,4,
4,24,201604,4/24/2016,662,726,-0.0882,1802,1913.157919,-0.0581018,0.3674,727,0.379999995,4,
5,32,201604,4/24/2016,1266,1253,0.0104,3835,4022.857211,-0.046697459,0.3301,1408,0.349999994,4,
6,42,201604,4/24/2016,510,537,-0.0503,1545,1648.571457,-0.062824973,0.3301,577,0.349999994,4,
7,48,201604,4/24/2016,206,231,-0.1082,798,885.18515,-0.098493688,0.2581,239,0.270000011,4,
8,44,201604,4/24/2016,1426,1447,-0.0145,4980,4671.875104,0.065953153,0.2863,1495,0.319999993,4,
1,26,201604,5/1/2016,1492,1306,0.1424,3327,3204.444529,0.038245465,0.4485,1442,0.449999988,5,
2,36,201604,5/1/2016,718,709,0.0127,1982,2140.000036,-0.073831791,0.3623,749,0.349999994,5,
3,34,201604,5/1/2016,2183,1997,0.0931,6113,6199.999935,-0.014032248,0.3571,2108,0.340000004,5,
4,24,201604,5/1/2016,791,768,0.0299,1689,2044.736868,-0.173976844,0.4683,777,0.379999995,5,
5,32,201604,5/1/2016,1272,1243,0.0233,3728,3868.571494,-0.036336796,0.3412,1354,0.349999994,5,
6,42,201604,5/1/2016,598,528,0.1326,1505,1662.857171,-0.094931287,0.3973,582,0.349999994,5,
7,48,201604,5/1/2016,221,228,-0.0307,781,922.2221856,-0.153132496,0.283,249,0.270000011,5,
8,44,201604,5/1/2016,1658,1498,0.1068,5105,4721.875106,0.081138295,0.3248,1511,0.319999993,5,
1,26,201605,5/8/2016,583,483,0.207,1547,1417.777815,0.091144172,0.3769,638,0.449999988,1,
2,36,201605,5/8/2016,420,403,0.0422,1349,1262.857164,0.068212651,0.3113,442,0.349999994,1,
3,34,201605,5/8/2016,1211,1092,0.109,3514,3517.647022,-0.001036779,0.3446,1196,0.340000004,1,
4,24,201605,5/8/2016,308,302,0.0199,856,860.5263266,-0.005259951,0.3598,327,0.379999995,1,
5,32,201605,5/8/2016,893,804,0.1107,2565,2614.285759,-0.018852476,0.3481,915,0.349999994,1,
6,42,201605,5/8/2016,391,336,0.1637,1154,1074.285733,0.074202109,0.3388,376,0.349999994,1,
7,48,201605,5/8/2016,141,123,0.1463,498,496.2962766,0.003432876,0.2831,134,0.270000011,1,
8,44,201605,5/8/2016,1147,1106,0.0371,3779,3415.625076,0.106386069,0.3035,1093,0.319999993,1,
1,26,201605,5/15/2016,896,735,0.219,2167,1962.222274,0.104360107,0.4135,883,0.449999988,2,
2,36,201605,5/15/2016,599,545,0.0991,1746,1745.714315,0.000163649,0.3431,611,0.349999994,2,
3,34,201605,5/15/2016,1658,1517,0.0929,4666,4741.176421,-0.015856069,0.3553,1612,0.340000004,2,
4,24,201605,5/15/2016,587,585,0.0034,1751,1655.263179,0.057837825,0.3352,629,0.379999995,2,
5,32,201605,5/15/2016,1178,1246,-0.0546,3507,3902.857209,-0.101427541,0.3359,1366,0.349999994,2,
6,42,201605,5/15/2016,517,455,0.1363,1489,1457.142882,0.021862728,0.3472,510,0.349999994,2,
7,48,201605,5/15/2016,146,156,-0.0641,525,637.0370117,-0.17587206,0.2781,172,0.270000011,2,
8,44,201605,5/15/2016,1373,1301,0.0553,4618,4334.375097,0.065436169,0.2973,1387,0.319999993,2,
1,26,201605,5/22/2016,1509,1791,-0.1575,3590,5940.000157,-0.395622912,0.4203,2673,0.449999988,3,
2,36,201605,5/22/2016,775,1097,-0.2935,2176,4582.857221,-0.525187041,0.3562,1604,0.349999994,3,
3,34,201605,5/22/2016,2090,2433,-0.141,6068,10020.58813,-0.394446721,0.3444,3407,0.340000004,3,
4,24,201605,5/22/2016,795,982,-0.1904,2112,3686.842152,-0.427152041,0.3764,1401,0.379999995,3,
5,32,201605,5/22/2016,1464,1751,-0.1639,4324,6254.285821,-0.308634091,0.3386,2189,0.349999994,3,
6,42,201605,5/22/2016,529,754,-0.2984,1478,3225.714341,-0.541806917,0.3579,1129,0.349999994,3,
7,48,201605,5/22/2016,232,342,-0.3216,789,1592.592529,-0.504581376,0.294,430,0.270000011,3,
8,44,201605,5/22/2016,1672,2467,-0.3223,5342,11375.00025,-0.530373637,0.313,3640,0.319999993,3,
1,26,201605,5/29/2016,2036,2319,-0.122,4276,4446.666784,-0.038380835,0.4761,2001,0.449999988,4,
2,36,201605,5/29/2016,1064,1188,-0.1044,2710,3131.428625,-0.134580307,0.3926,1096,0.349999994,4,
3,34,201605,5/29/2016,2414,2574,-0.0622,6860,7252.9411,-0.054176795,0.3519,2466,0.340000004,4,
4,24,201605,5/29/2016,954,1203,-0.207,2247,2876.315826,-0.218792325,0.4246,1093,0.379999995,4,
5,32,201605,5/29/2016,1597,1843,-0.1335,4160,5182.857231,-0.197353928,0.3839,1814,0.349999994,4,
6,42,201605,5/29/2016,605,668,-0.0943,1532,1877.142889,-0.183866072,0.3949,657,0.349999994,4,
7,48,201605,5/29/2016,292,328,-0.1098,882,1229.629581,-0.282710815,0.3311,332,0.270000011,4,
8,44,201605,5/29/2016,2004,1568,0.2781,5974,5171.875116,0.15509363,0.3355,1655,0.319999993,4,
1,26,201606,6/5/2016,856,854,0.0023,2164,2195.555614,-0.014372496,0.3956,988,0.449999988,1,
2,36,201606,6/5/2016,512,531,-0.0358,1559,1760.00003,-0.114204561,0.3284,616,0.349999994,1,
3,34,201606,6/5/2016,1393,1486,-0.0626,4723,4726.470539,-0.000734277,0.2949,1607,0.340000004,1,
4,24,201606,6/5/2016,489,519,-0.0578,1536,1521.052651,0.009826977,0.3184,578,0.379999995,1,
5,32,201606,6/5/2016,910,1214,-0.2504,2971,3854.28578,-0.229169769,0.3063,1349,0.349999994,1,
6,42,201606,6/5/2016,366,390,-0.0615,1057,1340.000023,-0.211194043,0.3463,469,0.349999994,1,
7,48,201606,6/5/2016,157,195,-0.1949,735,733.3333042,0.002272767,0.2136,198,0.270000011,1,
8,44,201606,6/5/2016,1158,1202,-0.0366,3907,3996.875089,-0.022486339,0.2964,1279,0.319999993,1,
1,26,201606,6/12/2016,1116,1048,0.0649,2640,2820.000075,-0.063829812,0.4227,1269,0.449999988,2,
2,36,201606,6/12/2016,591,660,-0.1045,1681,2134.285751,-0.212382878,0.3516,747,0.349999994,2,
3,34,201606,6/12/2016,1717,1776,-0.0332,5017,5585.294059,-0.101748279,0.3422,1899,0.340000004,2,
4,24,201606,6/12/2016,560,671,-0.1654,1688,1857.89476,-0.091444771,0.3318,706,0.379999995,2,
5,32,201606,6/12/2016,1051,1322,-0.205,3310,4068.571498,-0.186446643,0.3175,1424,0.349999994,2,
6,42,201606,6/12/2016,450,473,-0.0486,1547,1542.857169,0.002685168,0.2909,540,0.349999994,2,
7,48,201606,6/12/2016,166,236,-0.2966,717,881.4814465,-0.186596606,0.2315,238,0.270000011,2,
8,44,201606,6/12/2016,1325,1337,-0.009,4315,4493.7501,-0.03977749,0.3071,1438,0.319999993,2,
1,26,201606,6/19/2016,1237,1222,0.0123,3018,3031.111191,-0.00432554,0.4099,1364,0.449999988,3,
2,36,201606,6/19/2016,694,740,-0.0622,1890,2337.142897,-0.191320307,0.3672,818,0.349999994,3,
3,34,201606,6/19/2016,1686,1802,-0.0644,4943,5452.941119,-0.093516711,0.3411,1854,0.340000004,3,
4,24,201606,6/19/2016,668,721,-0.0735,1833,2018.421078,-0.091864418,0.3644,767,0.379999995,3,
5,32,201606,6/19/2016,1281,1394,-0.0811,3769,4354.285788,-0.134416025,0.3399,1524,0.349999994,3,
6,42,201606,6/19/2016,554,598,-0.0736,1489,1811.428602,-0.177996859,0.3721,634,0.349999994,3,
7,48,201606,6/19/2016,222,230,-0.0348,750,899.9999642,-0.166666634,0.296,243,0.270000011,3,
8,44,201606,6/19/2016,1310,1341,-0.0231,4744,4503.125101,0.053490608,0.2761,1441,0.319999993,3,
1,26,201606,6/26/2016,1694,1856,-0.0873,3678,4526.666787,-0.187481612,0.4606,2037,0.449999988,4,
2,36,201606,6/26/2016,908,988,-0.081,2418,3065.714338,-0.211276807,0.3755,1073,0.349999994,4,
3,34,201606,6/26/2016,2194,2432,-0.0979,6278,7549.999921,-0.168476812,0.3495,2567,0.340000004,4,
4,24,201606,6/26/2016,845,958,-0.118,2162,2607.89477,-0.17097882,0.3908,991,0.379999995,4,
5,32,201606,6/26/2016,1467,1752,-0.1627,4258,5202.857231,-0.181603528,0.3445,1821,0.349999994,4,
6,42,201606,6/26/2016,680,723,-0.0595,1870,2154.285751,-0.13196288,0.3636,754,0.349999994,4,
7,48,201606,6/26/2016,233,282,-0.1738,1051,1092.592549,-0.038067758,0.2217,295,0.270000011,4,
8,44,201606,6/26/2016,1541,1656,-0.0694,4701,5415.625121,-0.131956165,0.3278,1733,0.319999993,4,
1,26,201607,7/3/2016,1393,1676,-0.1689,3023,2984.444524,0.012918812,0.4608,1343,0.449999988,1,
2,36,201607,7/3/2016,868,1013,-0.1431,2333,2431.428613,-0.040481802,0.3721,851,0.349999994,1,
3,34,201607,7/3/2016,2328,2290,0.0166,6338,5673.529352,0.117117689,0.3673,1929,0.340000004,1,
4,24,201607,7/3/2016,685,897,-0.2363,1898,2028.947394,-0.064539571,0.3609,771,0.379999995,1,
5,32,201607,7/3/2016,1408,1811,-0.2225,3953,4285.714359,-0.077633349,0.3562,1500,0.349999994,1,
6,42,201607,7/3/2016,654,713,-0.0827,1669,1882.857175,-0.113581199,0.3919,659,0.349999994,1,
7,48,201607,7/3/2016,191,260,-0.2654,651,774.0740433,-0.158995182,0.2934,209,0.270000011,1,
8,44,201607,7/3/2016,2488,2794,-0.1095,6958,7340.625164,-0.052124329,0.3576,2349,0.319999993,1,
1,26,201607,7/10/2016,1068,1075,-0.0065,2729,2828.888964,-0.035310316,0.3914,1273,0.449999988,2,
2,36,201607,7/10/2016,615,650,-0.0538,1872,2100.000036,-0.108571444,0.3285,735,0.349999994,2,
3,34,201607,7/10/2016,1728,1581,0.093,5129,4979.411712,0.030041358,0.3369,1693,0.340000004,2,
4,24,201607,7/10/2016,602,641,-0.0608,1600,1755.26318,-0.088455784,0.3763,667,0.379999995,2,
5,32,201607,7/10/2016,1116,1116,0,3392,3662.857205,-0.073946974,0.329,1282,0.349999994,2,
6,42,201607,7/10/2016,474,468,0.0128,1361,1457.142882,-0.065980408,0.3483,510,0.349999994,2,
7,48,201607,7/10/2016,168,246,-0.3171,660,951.851814,-0.306614758,0.2545,257,0.270000011,2,
8,44,201607,7/10/2016,1330,1410,-0.0567,4518,4578.125102,-0.013133128,0.2944,1465,0.319999993,2,
1,26,201607,7/17/2016,1129,1061,0.0641,2642,2715.555627,-0.027086769,0.4273,1222,0.449999988,3,
2,36,201607,7/17/2016,663,660,0.0045,1997,2080.000035,-0.039903863,0.332,728,0.349999994,3,
3,34,201607,7/17/2016,1722,1582,0.0885,5202,4941.176419,0.052785725,0.331,1680,0.340000004,3,
4,24,201607,7/17/2016,652,661,-0.0136,1769,1794.736865,-0.014340188,0.3686,682,0.379999995,3,
5,32,201607,7/17/2016,1331,1232,0.0804,3916,4080.000069,-0.040196095,0.3399,1428,0.349999994,3,
6,42,201607,7/17/2016,454,443,0.0248,1321,1340.000023,-0.014179121,0.3437,469,0.349999994,3,
7,48,201607,7/17/2016,191,241,-0.2075,749,925.9258891,-0.191079968,0.255,250,0.270000011,3,
8,44,201607,7/17/2016,1354,1420,-0.0465,4433,4615.625103,-0.039566711,0.3054,1477,0.319999993,3,
1,26,201607, 2016-07-24,1356,1201,0.1291,3111,3066.666748,0.014456495,0.4359,1380,0.449999988,4,
2,36,201607, 2016-07-24,764,740,0.0324,2080,2428.57147,-0.143529426,0.3673,850,0.349999994,4,
3,34,201607, 2016-07-24,1880,1775,0.0592,5791,5626.470529,0.029242039,0.3246,1913,0.340000004,4,
4,24,201607, 2016-07-24,692,714,-0.0308,1861,1957.894761,-0.049489259,0.3718,744,0.379999995,4,
5,32,201607, 2016-07-24,1282,1399,-0.0836,3884,4354.285788,-0.108005265,0.3301,1524,0.349999994,4,
6,42,201607, 2016-07-24,550,532,0.0338,1459,1685.714314,-0.13449154,0.377,590,0.349999994,4,
7,48,201607, 2016-07-24,179,237,-0.2447,693,885.18515,-0.21711294,0.2583,239,0.270000011,4,
8,44,201607, 2016-07-24,1467,1324,0.108,4702,4509.375101,0.042716539,0.312,1443,0.319999993,4,
1,26,201607, 2016-07-31,1589,1319,0.2047,3402,3177.777862,0.070559412,0.4671,1430,0.449999988,5,
2,36,201607, 2016-07-31,944,855,0.1041,2363,2480.000042,-0.047177436,0.3995,868,0.349999994,5,
3,34,201607, 2016-07-31,2180,1890,0.1534,6217,5808.823468,0.070268366,0.3507,1975,0.340000004,5,
4,24,201607, 2016-07-31,958,818,0.1711,2282,2281.578976,0.000184532,0.4198,867,0.379999995,5,
5,32,201607, 2016-07-31,1638,1446,0.1328,4471,4362.857217,0.024787147,0.3664,1527,0.349999994,5,
6,42,201607, 2016-07-31,624,621,0.0048,1636,1831.428603,-0.106708284,0.3814,641,0.349999994,5,
7,48,201607, 2016-07-31,248,262,-0.0534,756,1003.703664,-0.246789638,0.328,271,0.270000011,5,
8,44,201607, 2016-07-31,1627,1603,0.015,4970,5196.875116,-0.043656065,0.3274,1663,0.319999993,5,
1,26,201608, 2016-08-07,1120,1201,-0.0674,2798,3166.666751,-0.116421076,0.4003,1425,0.449999988,1,
2,36,201608, 2016-08-07,624,685,-0.0891,1845,2225.714324,-0.171052646,0.3382,779,0.349999994,1,
3,34,201608, 2016-08-07,1770,1674,0.0573,5452,5249.999945,0.038476201,0.3247,1785,0.340000004,1,
4,24,201608, 2016-08-07,497,555,-0.1045,1428,1705.263179,-0.162592603,0.348,648,0.379999995,1,
5,32,201608, 2016-08-07,1136,1211,-0.0619,3553,3865.714352,-0.080894325,0.3197,1353,0.349999994,1,
6,42,201608, 2016-08-07,494,525,-0.059,1643,1637.142885,0.003577644,0.3007,573,0.349999994,1,
7,48,201608, 2016-08-07,170,221,-0.2308,586,777.7777469,-0.246571399,0.2901,210,0.270000011,1,
8,44,201608, 2016-08-07,1371,1441,-0.0486,4748,4725.000106,0.004867702,0.2888,1512,0.319999993,1,
1,26,201608, 2016-08-14,1245,1432,-0.1306,2973,3451.111203,-0.138538336,0.4188,1553,0.449999988,2,
2,36,201608, 2016-08-14,722,791,-0.0872,2184,2497.1429,-0.125400473,0.3306,874,0.349999994,2,
3,34,201608, 2016-08-14,1974,1856,0.0636,5901,5617.647,0.050439802,0.3345,1910,0.340000004,2,
4,24,201608, 2016-08-14,802,890,-0.0989,2176,2589.473717,-0.159674807,0.3686,984,0.379999995,2,
5,32,201608, 2016-08-14,1381,1463,-0.056,4255,4540.000077,-0.062775346,0.3246,1589,0.349999994,2,
6,42,201608, 2016-08-14,568,663,-0.1433,1481,2000.000034,-0.259500013,0.3835,700,0.349999994,2,
7,48,201608, 2016-08-14,204,226,-0.0973,728,818.518486,-0.1105882,0.2802,221,0.270000011,2,
8,44,201608, 2016-08-14,1470,1475,-0.0034,4918,4840.625108,0.015984483,0.2989,1549,0.319999993,2,
1,26,201608, 2016-08-21,1520,1621,-0.0623,3484,4133.333443,-0.157096797,0.4363,1860,0.449999988,3,
2,36,201608, 2016-08-21,819,951,-0.1388,2331,2848.571477,-0.181695099,0.3514,997,0.349999994,3,
3,34,201608, 2016-08-21,2191,2165,0.012,6208,6549.999931,-0.05221373,0.3529,2227,0.340000004,3,
4,24,201608, 2016-08-21,880,988,-0.1093,2269,2789.473719,-0.186584916,0.3878,1060,0.379999995,3,
5,32,201608, 2016-08-21,1565,1524,0.0269,4425,4874.285797,-0.092174693,0.3537,1706,0.349999994,3,
6,42,201608, 2016-08-21,589,709,-0.1693,1769,2137.142894,-0.172259372,0.333,748,0.349999994,3,
7,48,201608, 2016-08-21,200,251,-0.2032,717,896.2962607,-0.200041291,0.2789,242,0.270000011,3,
8,44,201608, 2016-08-21,1573,1697,-0.0731,5015,5578.125125,-0.100952401,0.3137,1785,0.319999993,3,
1,26,201608, 2016-08-28,1914,2517,-0.2396,4010,5635.555705,-0.288446391,0.4773,2536,0.449999988,4,
2,36,201608, 2016-08-28,956,1196,-0.2007,2623,3514.285774,-0.253617899,0.3645,1230,0.349999994,4,
3,34,201608, 2016-08-28,2539,2598,-0.0227,7028,7823.529329,-0.101684201,0.3613,2660,0.340000004,4,
4,24,201608, 2016-08-28,1095,1326,-0.1742,2687,3534.210571,-0.239717061,0.4075,1343,0.379999995,4,
5,32,201608, 2016-08-28,1761,2018,-0.1274,4974,6028.571531,-0.174928924,0.354,2110,0.349999994,4,
6,42,201608, 2016-08-28,699,777,-0.1004,1808,2328.571468,-0.223558295,0.3866,815,0.349999994,4,
7,48,201608, 2016-08-28,259,319,-0.1881,787,1114.814771,-0.294053128,0.3291,301,0.270000011,4,
8,44,201608, 2016-08-28,1736,1912,-0.0921,5531,6234.375139,-0.112822075,0.3139,1995,0.319999993,4,
1,26,201609, 2016-09-04,2087,2228,-0.0633,4182,5400.000143,-0.225555576,0.499,2430,0.449999988,1,
2,36,201609, 2016-09-04,1173,1327,-0.1161,2958,3845.714351,-0.230832108,0.3966,1346,0.349999994,1,
3,34,201609, 2016-09-04,3170,3161,0.0028,8526,9435.294018,-0.096371562,0.3718,3208,0.340000004,1,
4,24,201609, 2016-09-04,1168,1293,-0.0967,2764,3244.736883,-0.148158973,0.4226,1233,0.379999995,1,
5,32,201609, 2016-09-04,2208,2298,-0.0392,5761,6520.000111,-0.116411058,0.3833,2282,0.349999994,1,
6,42,201609, 2016-09-04,945,940,0.0053,2160,2902.857192,-0.255905524,0.4375,1016,0.349999994,1,
7,48,201609, 2016-09-04,401,438,-0.0845,1196,1540.74068,-0.223749969,0.3353,416,0.270000011,1,
8,44,201609, 2016-09-04,3407,3401,0.0018,9287,10728.12524,-0.134331508,0.3669,3433,0.319999993,1,
1,26,201609,9/11/2016,1151,1199,-0.04,2800,3024.444525,-0.074210164,0.4111,1361,0.449999988,2,
2,36,201609,9/11/2016,535,533,0.0038,1441,1665.714314,-0.134905675,0.3713,583,0.349999994,2,
3,34,201609,9/11/2016,1571,1469,0.0694,4619,4714.705833,-0.020299428,0.3401,1603,0.340000004,2,
4,24,201609,9/11/2016,532,597,-0.1089,1518,1705.263179,-0.109814826,0.3505,648,0.379999995,2,
5,32,201609,9/11/2016,1078,1017,0.06,3373,3251.428627,0.037390141,0.3196,1138,0.349999994,2,
6,42,201609,9/11/2016,461,448,0.029,1435,1454.285739,-0.013261313,0.3213,509,0.349999994,2,
7,48,201609,9/11/2016,162,169,-0.0414,650,681.4814544,-0.046195614,0.2492,184,0.270000011,2,
8,44,201609,9/11/2016,1211,1288,-0.0598,4169,4281.250096,-0.026219,0.2905,1370,0.319999993,2,
1,26,201609,9/18/2016,1334,1321,0.0098,3236,3260.000086,-0.007361989,0.4122,1467,0.449999988,3,
2,36,201609,9/18/2016,631,674,-0.0638,1881,2085.714321,-0.0981507,0.3355,730,0.349999994,3,
3,34,201609,9/18/2016,1802,1707,0.0557,5246,5329.411709,-0.015651204,0.3435,1812,0.340000004,3,
4,24,201609,9/18/2016,669,695,-0.0374,1730,1957.894761,-0.116397861,0.3867,744,0.379999995,3,
5,32,201609,9/18/2016,1239,1244,-0.004,3565,3831.428637,-0.069537674,0.3475,1341,0.349999994,3,
6,42,201609,9/18/2016,556,503,0.1054,1468,1594.285741,-0.079211485,0.3787,558,0.349999994,3,
7,48,201609,9/18/2016,194,241,-0.195,701,899.9999642,-0.22111108,0.2767,243,0.270000011,3,
8,44,201609,9/18/2016,1383,1430,-0.0329,4667,4693.750105,-0.00569909,0.2963,1502,0.319999993,3,
1,26,201609,9/25/2016,1533,1715,-0.1061,3492,4157.777888,-0.160128296,0.439,1871,0.449999988,4,
2,36,201609,9/25/2016,742,720,0.0306,1964,2128.571465,-0.077315452,0.3778,745,0.349999994,4,
3,34,201609,9/25/2016,1921,1915,0.0031,5556,5823.529351,-0.045939384,0.3458,1980,0.340000004,4,
4,24,201609,9/25/2016,899,927,-0.0302,2180,2571.052664,-0.152098271,0.4124,977,0.379999995,4,
5,32,201609,9/25/2016,1427,1443,-0.0111,4141,4382.857217,-0.055182545,0.3446,1534,0.349999994,4,
6,42,201609,9/25/2016,587,618,-0.0502,2047,1911.428604,0.070926738,0.2868,669,0.349999994,4,
7,48,201609,9/25/2016,238,264,-0.0985,770,1044.444403,-0.262765928,0.3091,282,0.270000011,4,
8,44,201609,9/25/2016,1534,1563,-0.0186,4723,5203.125116,-0.092276297,0.3248,1665,0.319999993,4,
1,26,201610,10/2/2016,701,510,0.3745,1689,1446.666705,0.16751149,0.415,651,0.449999988,1,
2,36,201610,10/2/2016,301,222,0.3559,806,728.571441,0.106274491,0.3734,255,0.349999994,1,
3,34,201610,10/2/2016,1234,834,0.4796,3201,2564.705855,0.248096343,0.3855,872,0.340000004,1,
4,24,201610,10/2/2016,383,353,0.085,889,960.5263278,-0.074465765,0.4308,365,0.379999995,1,
5,32,201610,10/2/2016,931,705,0.3206,2628,2251.42861,0.167258863,0.3543,788,0.349999994,1,
6,42,201610,10/2/2016,459,358,0.2821,1738,1185.714306,0.465783108,0.2641,415,0.349999994,1,
7,48,201610,10/2/2016,184,199,-0.0754,636,699.9999722,-0.091428535,0.2893,189,0.270000011,1,
8,44,201610,10/2/2016,1276,1095,0.1653,3952,3659.375082,0.079965817,0.3229,1171,0.319999993,1,
1,26,201610,10/9/2016,1150,1139,0.0097,2821,2964.444523,-0.048388331,0.4077,1334,0.449999988,2,
2,36,201610,10/9/2016,494,590,-0.1627,1373,1880.000032,-0.269680864,0.3598,658,0.349999994,2,
3,34,201610,10/9/2016,1351,1457,-0.0728,4108,4617.64701,-0.110369417,0.3289,1570,0.340000004,2,
4,24,201610,10/9/2016,641,609,0.0525,1678,1705.263179,-0.015987667,0.382,648,0.379999995,2,
5,32,201610,10/9/2016,951,984,-0.0335,3140,2968.571479,0.057747816,0.3029,1039,0.349999994,2,
6,42,201610,10/9/2016,510,427,0.1944,1414,1408.571453,0.003853938,0.3607,493,0.349999994,2,
7,48,201610,10/9/2016,167,207,-0.1932,519,788.8888575,-0.34211265,0.3218,213,0.270000011,2,
8,44,201610,10/9/2016,1261,1339,-0.0583,4211,4509.375101,-0.066167727,0.2995,1443,0.319999993,2,
1,26,201610,10/16/2016,1150,1079,0.0658,2725,2748.888962,-0.008690406,0.422,1237,0.449999988,3,
2,36,201610,10/16/2016,653,625,0.0448,1847,2005.71432,-0.07913107,0.3535,702,0.349999994,3,
3,34,201610,10/16/2016,1622,1551,0.0458,4706,4947.058771,-0.048727695,0.3447,1682,0.340000004,3,
4,24,201610,10/16/2016,619,642,-0.0358,1812,1734.210548,0.044855829,0.3416,659,0.379999995,3,
5,32,201610,10/16/2016,1128,1113,0.0135,3499,3468.571488,0.008772635,0.3224,1214,0.349999994,3,
6,42,201610,10/16/2016,494,443,0.1151,1249,1454.285739,-0.14115915,0.3955,509,0.349999994,3,
7,48,201610,10/16/2016,170,185,-0.0811,576,725.9258971,-0.206530581,0.2951,196,0.270000011,3,
8,44,201610,10/16/2016,1313,1370,-0.0416,4372,4578.125102,-0.045023912,0.3003,1465,0.319999993,3,
1,26,201610,10/23/2016,1186,1362,-0.1292,2936,3406.666757,-0.138160492,0.404,1533,0.449999988,4,
2,36,201610,10/23/2016,707,719,-0.0167,2126,2248.571467,-0.054510817,0.3325,787,0.349999994,4,
3,34,201610,10/23/2016,1730,1696,0.02,5319,5435.29406,-0.021396094,0.3252,1848,0.340000004,4,
4,24,201610,10/23/2016,747,807,-0.0743,2066,2160.526343,-0.043751535,0.3616,821,0.379999995,4,
5,32,201610,10/23/2016,1102,1054,0.0455,3307,3305.714342,0.00038892,0.3332,1157,0.349999994,4,
6,42,201610,10/23/2016,451,448,0.0067,1357,1357.14288,-0.00010528,0.3324,475,0.349999994,4,
7,48,201610,10/23/2016,175,235,-0.2553,570,874.0740393,-0.34788133,0.307,236,0.270000011,4,
8,44,201610,10/23/2016,1318,1439,-0.0841,4578,4790.625107,-0.044383583,0.2879,1533,0.319999993,4,
1,26,201610,10/30/2016,1791,2401,-0.2541,3850,4755.555682,-0.190420582,0.4652,2140,0.449999988,5,
2,36,201610,10/30/2016,920,1064,-0.1353,2439,3051.428623,-0.200702261,0.3772,1068,0.349999994,5,
3,34,201610,10/30/2016,2198,2232,-0.0152,6285,6544.117578,-0.039595496,0.3497,2225,0.340000004,5,
4,24,201610,10/30/2016,938,1234,-0.2399,2428,2989.473722,-0.187816912,0.3863,1136,0.379999995,5,
5,32,201610,10/30/2016,1445,1656,-0.1274,4437,4351.428646,0.019665117,0.3257,1523,0.349999994,5,
6,42,201610,10/30/2016,632,690,-0.0841,1835,1931.428604,-0.049926052,0.3444,676,0.349999994,5,
7,48,201610,10/30/2016,207,298,-0.3054,848,1099.999956,-0.229090878,0.2441,297,0.270000011,5,
8,44,201610,10/30/2016,1512,1585,-0.0461,4799,4950.000111,-0.030505072,0.3151,1584,0.319999993,5,
1,26,201611,11/6/2016,1057,964,0.0965,2469,2540.000067,-0.027952782,0.4281,1143,0.449999988,1,
2,36,201611,11/6/2016,589,577,0.0208,1711,1865.714317,-0.082924977,0.3442,653,0.349999994,1,
3,34,201611,11/6/2016,1542,1492,0.0335,5004,4814.705832,0.039315833,0.3082,1637,0.340000004,1,
4,24,201611,11/6/2016,618,602,0.0266,1677,1768.421075,-0.05169644,0.3685,672,0.379999995,1,
5,32,201611,11/6/2016,1031,1060,-0.0274,3663,3242.857198,0.129559452,0.2815,1135,0.349999994,1,
6,42,201611,11/6/2016,492,464,0.0603,1348,1491.428597,-0.096168598,0.365,522,0.349999994,1,
7,48,201611,11/6/2016,157,184,-0.1467,576,733.3333042,-0.214545423,0.2726,198,0.270000011,1,
8,44,201611,11/6/2016,1310,1322,-0.0091,4356,4465.6251,-0.024548657,0.3007,1429,0.319999993,1,
1,26,201611,11/13/2016,1292,1188,0.0875,3113,2964.444523,0.050112416,0.415,1334,0.449999988,2,
2,36,201611,11/13/2016,729,706,0.0326,2029,2171.428608,-0.065592121,0.3593,760,0.349999994,2,
3,34,201611,11/13/2016,1677,1526,0.099,4894,4894.117596,-2.40E-05,0.3427,1664,0.340000004,2,
4,24,201611,11/13/2016,706,692,0.0202,2004,1957.894761,0.023548374,0.3523,744,0.379999995,2,
5,32,201611,11/13/2016,1219,1214,0.0041,3937,3708.571492,0.061594743,0.3096,1298,0.349999994,2,
6,42,201611,11/13/2016,524,481,0.0894,1474,1554.285741,-0.051654428,0.3555,544,0.349999994,2,
7,48,201611,11/13/2016,179,200,-0.105,696,788.8888575,-0.117746444,0.2572,213,0.270000011,2,
8,44,201611,11/13/2016,1368,1369,-0.0007,4577,4521.875101,0.012190717,0.2989,1447,0.319999993,2,
1,26,201611,11/20/2016,1505,1455,0.0344,3915,3620.000096,0.081491684,0.3844,1629,0.449999988,3,
2,36,201611,11/20/2016,665,691,-0.0376,1948,2148.571465,-0.093351079,0.3414,752,0.349999994,3,
3,34,201611,11/20/2016,1871,1785,0.0482,5469,5638.235235,-0.030015639,0.3421,1917,0.340000004,3,
4,24,201611,11/20/2016,639,593,0.0776,1687,1636.842126,0.030643074,0.3788,622,0.379999995,3,
5,32,201611,11/20/2016,1240,1275,-0.0275,3966,3882.857209,0.021412786,0.3127,1359,0.349999994,3,
6,42,201611,11/20/2016,584,582,0.0034,1525,1825.714317,-0.164710499,0.383,639,0.349999994,3,
7,48,201611,11/20/2016,200,219,-0.0868,656,848.1481144,-0.226550188,0.3049,229,0.270000011,3,
8,44,201611,11/20/2016,1496,1560,-0.041,4954,5021.875112,-0.01351589,0.302,1607,0.319999993,3,
1,26,201611,11/27/2016,2472,2506,-0.0136,5120,5751.111263,-0.109737272,0.4828,2588,0.449999988,4,
2,36,201611,11/27/2016,1127,1199,-0.0601,3021,3545.714346,-0.14798551,0.3731,1241,0.349999994,4,
3,34,201611,11/27/2016,3036,2944,0.0313,7918,8797.058731,-0.099926437,0.3834,2991,0.340000004,4,
4,24,201611,11/27/2016,1247,1257,-0.008,2995,3268.421094,-0.083655406,0.4164,1242,0.379999995,4,
5,32,201611,11/27/2016,1817,1843,-0.0141,4929,5420.000092,-0.090590421,0.3686,1897,0.349999994,4,
6,42,201611,11/27/2016,876,867,0.0104,2097,2551.428615,-0.178107517,0.4177,893,0.349999994,4,
7,48,201611,11/27/2016,317,371,-0.1456,966,1388.888834,-0.304479972,0.3282,375,0.270000011,4,
8,44,201611,11/27/2016,2247,2497,-0.1001,6420,7896.875177,-0.1870202,0.35,2527,0.319999993,4,
1,26,201612,12/4/2016,855,830,0.0301,2129,2073.333388,0.026848847,0.4016,933,0.449999988,1,
2,36,201612,12/4/2016,524,545,-0.0385,1528,1714.285743,-0.108666682,0.3429,600,0.349999994,1,
3,34,201612,12/4/2016,1543,1413,0.092,4591,4482.352894,0.024238856,0.3361,1524,0.340000004,1,
4,24,201612,12/4/2016,585,583,0.0034,1495,1573.68423,-0.050000012,0.3913,598,0.379999995,1,
5,32,201612,12/4/2016,998,1105,-0.0968,3134,3522.857203,-0.110381199,0.3184,1233,0.349999994,1,
6,42,201612,12/4/2016,492,496,-0.0081,1433,1528.571455,-0.06252338,0.3433,535,0.349999994,1,
7,48,201612,12/4/2016,169,226,-0.2522,602,859.2592251,-0.299396524,0.2807,232,0.270000011,1,
8,44,201612,12/4/2016,1215,1259,-0.0349,4098,4121.875092,-0.005792289,0.2965,1319,0.319999993,1,
1,26,201612,12/11/2016,1057,1061,-0.0038,2482,2746.666739,-0.096359247,0.4259,1236,0.449999988,2,
2,36,201612,12/11/2016,646,658,-0.0182,1902,2125.714322,-0.105241951,0.3396,744,0.349999994,2,
3,34,201612,12/11/2016,1810,1599,0.132,5132,5144.117593,-0.002355621,0.3527,1749,0.340000004,2,
4,24,201612,12/11/2016,709,628,0.129,1897,1747.368443,0.085632516,0.3737,664,0.379999995,2,
5,32,201612,12/11/2016,1318,1277,0.0321,4134,3965.714353,0.042435141,0.3188,1388,0.349999994,2,
6,42,201612,12/11/2016,546,522,0.046,1578,1568.571455,0.006010912,0.346,549,0.349999994,2,
7,48,201612,12/11/2016,202,183,0.1038,680,681.4814544,-0.002173873,0.2971,184,0.270000011,2,
8,44,201612,12/11/2016,1386,1209,0.1464,4093,4018.75009,0.018475871,0.3386,1286,0.319999993,2,
1,26,201612,12/18/2016,1066,1148,-0.0714,2770,3171.111195,-0.126489161,0.3848,1427,0.449999988,3,
2,36,201612,12/18/2016,679,736,-0.0774,1769,2268.571467,-0.220214119,0.3838,794,0.349999994,3,
3,34,201612,12/18/2016,2048,1910,0.0723,5734,5794.117586,-0.010375624,0.3572,1970,0.340000004,3,
4,24,201612,12/18/2016,626,651,-0.0384,1704,1786.842128,-0.046362309,0.3674,679,0.379999995,3,
5,32,201612,12/18/2016,1301,1347,-0.0341,3803,4165.714357,-0.087071346,0.3421,1458,0.349999994,3,
6,42,201612,12/18/2016,522,512,0.0195,1335,1625.714313,-0.17882251,0.391,569,0.349999994,3,
7,48,201612,12/18/2016,217,221,-0.0181,597,844.4444109,-0.293026288,0.3635,228,0.270000011,3,
8,44,201612,12/18/2016,1330,1412,-0.0581,4008,4606.250103,-0.129877903,0.3318,1474,0.319999993,3,
1,26,201612,12/25/2016,498,576,-0.1354,990,1573.333375,-0.370762729,0.503,708,0.449999988,4,
2,36,201612,12/25/2016,298,363,-0.1791,861,1220.000021,-0.294262307,0.3461,427,0.349999994,4,
3,34,201612,12/25/2016,931,1025,-0.0917,2396,3417.647023,-0.298932867,0.3886,1162,0.340000004,4,
4,24,201612,12/25/2016,160,171,-0.0643,370,494.7368483,-0.252127669,0.4324,188,0.379999995,4,
5,32,201612,12/25/2016,569,484,0.1756,1627,1728.571458,-0.058760347,0.3497,605,0.349999994,4,
6,42,201612,12/25/2016,246,266,-0.0752,649,854.2857288,-0.240301016,0.379,299,0.349999994,4,
7,48,201612,12/25/2016,65,76,-0.1447,191,270.3703596,-0.293561616,0.3403,73,0.270000011,4,
8,44,201612,12/25/2016,481,744,-0.3535,1448,2443.750055,-0.407468044,0.3322,782,0.319999993,4,
1,26,201612,1/1/2017,1072,974,0.1006,2083,2271.111171,-0.082827813,0.5146,1022,0.449999988,5,
2,36,201612,1/1/2017,816,714,0.1429,2192,2117.142893,0.035357607,0.3723,741,0.349999994,5,
3,34,201612,1/1/2017,1778,1316,0.3511,4473,4049.999957,0.104444456,0.3975,1377,0.340000004,5,
4,24,201612,1/1/2017,585,441,0.3265,1378,1239.4737,0.111762194,0.4245,471,0.379999995,5,
5,32,201612,1/1/2017,1167,852,0.3697,3052,2654.285759,0.149838516,0.3824,929,0.349999994,5,
6,42,201612,1/1/2017,587,420,0.3976,1491,1254.285736,0.188724353,0.3937,439,0.349999994,5,
7,48,201612,1/1/2017,93,76,0.2237,326,322.2222094,0.011724178,0.2853,87,0.270000011,5,
8,44,201612,1/1/2017,1525,1537,-0.0078,4328,4900.00011,-0.116734714,0.3524,1568,0.319999993,5,
1,26,201701,1/8/2017,612,838,-0.2697,1365,2148.888946,-0.364788021,0.4484,967,0.449999988,1,0.021536085
2,36,201701,1/8/2017,302,493,-0.3874,914,1520.000026,-0.398684221,0.3304,532,0.349999994,1,0.044769019
3,34,201701,1/8/2017,1187,1441,-0.1763,3858,4529.411717,-0.148233757,0.3077,1540,0.340000004,1,-0.008435864
4,24,201701,1/8/2017,442,456,-0.0307,1321,1265.78949,0.043617451,0.3346,481,0.379999995,1,0.015964997
5,32,201701,1/8/2017,854,951,-0.102,2629,3034.285766,-0.133568753,0.3248,1062,0.349999994,1,-0.048170235
6,42,201701,1/8/2017,392,362,0.0829,1210,1174.285734,0.030413608,0.324,411,0.349999994,1,-0.002734546
7,48,201701,1/8/2017,114,161,-0.2919,470,585.1851619,-0.196835411,0.2426,158,0.270000011,1,0.00583179
8,44,201701,1/8/2017,1187,1298,-0.0855,3674,4384.375098,-0.162024253,0.3231,1403,0.319999993,1,-0.004865731
1,26,201701,1/15/2017,1104,1076,0.026,2634,3546.666761,-0.257330847,0.4191,1596,0.449999988,2,0.021536085
2,36,201701,1/15/2017,561,617,-0.0908,1674,2428.57147,-0.310705894,0.3351,850,0.349999994,2,0.044769019
3,34,201701,1/15/2017,1664,1449,0.1484,4956,5814.705821,-0.147678291,0.3358,1977,0.340000004,2,-0.008435864
4,24,201701,1/15/2017,566,576,-0.0174,1594,1960.52634,-0.18695303,0.3551,745,0.379999995,2,0.015964997
5,32,201701,1/15/2017,1035,1119,-0.0751,3081,4194.285786,-0.265429168,0.3359,1468,0.349999994,2,-0.048170235
6,42,201701,1/15/2017,455,463,-0.0173,1381,1665.714314,-0.170926258,0.3295,583,0.349999994,2,-0.002734546
7,48,201701,1/15/2017,195,204,-0.0441,697,951.851814,-0.267743162,0.2798,257,0.270000011,2,0.00583179
8,44,201701,1/15/2017,1235,1296,-0.0471,4031,5240.625117,-0.230816952,0.3064,1677,0.319999993,2,-0.004865731
1,26,201701,1/22/2017,444,328,0.3537,1079,737.7777973,0.462499961,0.4115,332,0.449999988,3,0.021536085
2,36,201701,1/22/2017,124,75,0.6533,379,234.2857183,0.617682899,0.3272,82,0.349999994,3,0.044769019
3,34,201701,1/22/2017,1211,1098,0.1029,3729,3479.411728,0.071732894,0.3248,1183,0.340000004,3,-0.008435864
4,24,201701,1/22/2017,616,577,0.0676,1767,1560.526335,0.132310272,0.3486,593,0.379999995,3,0.015964997
5,32,201701,1/22/2017,1119,1113,0.0054,3563,3531.428632,0.008940112,0.3141,1236,0.349999994,3,-0.048170235
6,42,201701,1/22/2017,475,470,0.0106,1351,1491.428597,-0.094157104,0.3516,522,0.349999994,3,-0.002734546
7,48,201701,1/22/2017,162,186,-0.129,591,725.9258971,-0.185867315,0.2741,196,0.270000011,3,0.00583179
8,44,201701,1/22/2017,1172,1398,-0.1617,3800,4725.000106,-0.195767214,0.3084,1512,0.319999993,3,-0.004865731
1,26,201701,1/29/2017,1713,2111,-0.1885,3574,4180.000111,-0.144976099,0.4793,1881,0.449999988,4,0.021536085
2,36,201701,1/29/2017,811,1082,-0.2505,2303,2897.142906,-0.205078909,0.3521,1014,0.349999994,4,0.044769019
3,34,201701,1/29/2017,2132,2539,-0.1603,6360,7364.705805,-0.136421716,0.3352,2504,0.340000004,4,-0.008435864
4,24,201701,1/29/2017,890,1276,-0.3025,2243,2994.73688,-0.251019342,0.3968,1138,0.379999995,4,0.015964997
5,32,201701,1/29/2017,1522,1796,-0.1526,4672,4802.857225,-0.027245704,0.3258,1681,0.349999994,4,-0.048170235
6,42,201701,1/29/2017,568,687,-0.1732,1661,2005.71432,-0.171866111,0.342,702,0.349999994,4,-0.002734546
7,48,201701,1/29/2017,306,315,-0.0286,900,1144.444399,-0.213592202,0.34,309,0.270000011,4,0.00583179
8,44,201701,1/29/2017,1426,1676,-0.1492,4640,5278.125118,-0.12089996,0.3073,1689,0.319999993,4,-0.004865731
1,26,201702,2/5/2017,768,705,0.0894,1846,1895.555606,-0.02614305,0.416,853,0.449999988,1,-0.004155161
2,36,201702,2/5/2017,497,563,-0.1172,1664,1825.714317,-0.088575915,0.2987,639,0.349999994,1,0.013402348
3,34,201702,2/5/2017,1502,1376,0.0916,4380,4411.764659,-0.00719999,0.3429,1500,0.340000004,1,-0.001806311
4,24,201702,2/5/2017,530,567,-0.0653,1528,1676.315811,-0.088477248,0.3469,637,0.379999995,1,0.025360986
5,32,201702,2/5/2017,891,968,-0.0795,2865,2994.285765,-0.043177497,0.311,1048,0.349999994,1,-0.052326663
6,42,201702,2/5/2017,373,364,0.0247,1101,1142.857162,-0.036625016,0.3388,400,0.349999994,1,0.017030817
7,48,201702,2/5/2017,145,189,-0.2328,514,755.5555255,-0.319705855,0.2821,204,0.270000011,1,0.041409101
8,44,201702,2/5/2017,1098,1116,-0.0161,3761,3765.625084,-0.001228238,0.2919,1205,0.319999993,1,-0.011244536
1,26,201702,2/12/2017,1030,1269,-0.1883,2386,3095.555638,-0.229217537,0.4317,1393,0.449999988,2,-0.004155161
2,36,201702,2/12/2017,599,666,-0.1006,1710,2028.571463,-0.157042268,0.3503,710,0.349999994,2,0.013402348
3,34,201702,2/12/2017,1916,1800,0.0644,5654,5685.294058,-0.005504387,0.3389,1933,0.340000004,2,-0.001806311
4,24,201702,2/12/2017,568,543,0.046,1644,1473.684229,0.115571415,0.3455,560,0.379999995,2,0.025360986
5,32,201702,2/12/2017,1346,1401,-0.0393,4359,4274.285787,0.019819501,0.3088,1496,0.349999994,2,-0.052326663
6,42,201702,2/12/2017,506,564,-0.1028,1569,1740.00003,-0.098275877,0.3225,609,0.349999994,2,0.017030817
7,48,201702,2/12/2017,192,225,-0.1467,731,870.3703358,-0.160127626,0.2627,235,0.270000011,2,0.041409101
8,44,201702,2/12/2017,1351,1857,-0.2725,4604,6006.250134,-0.233465158,0.2934,1922,0.319999993,2,-0.011244536
1,26,201702,2/19/2017,1663,1367,0.2165,3698,3557.777872,0.039412839,0.4497,1601,0.449999988,3,-0.004155161
2,36,201702,2/19/2017,751,717,0.0474,2027,2305.714325,-0.120879817,0.3705,807,0.349999994,3,0.013402348
3,34,201702,2/19/2017,2051,1874,0.0945,5898,5917.646997,-0.003320069,0.3477,2012,0.340000004,3,-0.001806311
4,24,201702,2/19/2017,824,797,0.0339,2274,2234.210554,0.017809175,0.3624,849,0.379999995,3,0.025360986
5,32,201702,2/19/2017,1400,1357,0.0317,4465,4251.428644,0.050235197,0.3135,1488,0.349999994,3,-0.052326663
6,42,201702,2/19/2017,575,542,0.0609,1759,1751.428601,0.004322985,0.3269,613,0.349999994,3,0.017030817
7,48,201702,2/19/2017,248,233,0.0644,787,855.5555216,-0.080129834,0.3151,231,0.270000011,3,0.041409101
8,44,201702,2/19/2017,1646,1579,0.0424,4990,5150.000115,-0.031067983,0.3299,1648,0.319999993,3,-0.011244536
1,26,201702,2/26/2017,1910,2098,-0.0896,4795,4911.111241,-0.02364256,0.3983,2210,0.449999988,4,-0.004155161
2,36,201702,2/26/2017,960,1050,-0.0857,2652,3231.428626,-0.179310359,0.362,1131,0.349999994,4,0.013402348
3,34,201702,2/26/2017,2522,2654,-0.0497,7439,8102.941091,-0.081938284,0.339,2755,0.340000004,4,-0.001806311
4,24,201702,2/26/2017,932,1118,-0.1664,2229,2894.736878,-0.229981828,0.4181,1100,0.379999995,4,0.025360986
5,32,201702,2/26/2017,1701,1820,-0.0654,4942,5377.142949,-0.080924564,0.3442,1882,0.349999994,4,-0.052326663
6,42,201702,2/26/2017,619,699,-0.1144,1719,2065.714321,-0.167842338,0.3601,723,0.349999994,4,0.017030817
7,48,201702,2/26/2017,241,336,-0.2827,755,1174.074027,-0.356940038,0.3192,317,0.270000011,4,0.041409101
8,44,201702,2/26/2017,1696,1878,-0.0969,5547,6171.875138,-0.10124559,0.3058,1975,0.319999993,4,-0.011244536
1,26,201703,3/5/2017,1145,1133,0.0106,2630,2857.777853,-0.079704534,0.4354,1286,0.449999988,1,-0.058044793
2,36,201703,3/5/2017,553,625,-0.1152,1673,2071.428607,-0.192344841,0.3305,725,0.349999994,1,-0.060036447
3,34,201703,3/5/2017,1827,1790,0.0207,5299,5694.117587,-0.069390486,0.3448,1936,0.340000004,1,0.000695768
4,24,201703,3/5/2017,631,680,-0.0721,1844,1915.789498,-0.03747254,0.3422,728,0.379999995,1,0.016614441
5,32,201703,3/5/2017,1258,1308,-0.0382,3874,4088.571498,-0.052480799,0.3247,1431,0.349999994,1,-0.023121387
6,42,201703,3/5/2017,551,555,-0.0072,1771,1654.285742,0.070552659,0.3111,579,0.349999994,1,0.044180971
7,48,201703,3/5/2017,184,215,-0.1442,658,811.1110789,-0.188767091,0.2796,219,0.270000011,1,0.105506579
8,44,201703,3/5/2017,1462,1505,-0.0286,4678,5040.625113,-0.071940504,0.3125,1613,0.319999993,1,0.044829454
1,26,201703,3/12/2017,1318,1576,-0.1637,3055,3922.222326,-0.221104836,0.4314,1765,0.449999988,2,-0.058044793
2,36,201703,3/12/2017,670,798,-0.1604,1905,2494.285757,-0.236254309,0.3517,873,0.349999994,2,-0.060036447
3,34,201703,3/12/2017,2036,2032,0.002,5788,6352.94111,-0.088925916,0.3518,2160,0.340000004,2,0.000695768
4,24,201703,3/12/2017,840,982,-0.1446,2413,2602.631612,-0.072861488,0.3481,989,0.379999995,2,0.016614441
5,32,201703,3/12/2017,1325,1377,-0.0378,3927,4148.571499,-0.053409107,0.3374,1452,0.349999994,2,-0.023121387
6,42,201703,3/12/2017,514,536,-0.041,1381,1700.000029,-0.187647073,0.3722,595,0.349999994,2,0.044180971
7,48,201703,3/12/2017,237,276,-0.1413,772,1103.70366,-0.300536885,0.307,298,0.270000011,2,0.105506579
8,44,201703,3/12/2017,1558,1594,-0.0226,4932,5353.12512,-0.078669022,0.3159,1713,0.319999993,2,0.044829454
1,26,201703,3/19/2017,1665,1812,-0.0811,4026,4353.333449,-0.075191449,0.4136,1959,0.449999988,3,-0.058044793
2,36,201703,3/19/2017,734,865,-0.1514,1968,2794.285762,-0.295705533,0.373,978,0.349999994,3,-0.060036447
3,34,201703,3/19/2017,2401,2330,0.0305,6663,7182.352866,-0.072309573,0.3603,2442,0.340000004,3,0.000695768
4,24,201703,3/19/2017,860,872,-0.0138,2259,2373.68424,-0.048314868,0.3807,902,0.379999995,3,0.016614441
5,32,201703,3/19/2017,1529,1586,-0.0359,4368,4694.285794,-0.069507015,0.35,1643,0.349999994,3,-0.023121387
6,42,201703,3/19/2017,540,529,0.0208,1396,1617.142885,-0.136749131,0.3868,566,0.349999994,3,0.044180971
7,48,201703,3/19/2017,267,257,0.0389,829,925.9258891,-0.104679964,0.3221,250,0.270000011,3,0.105506579
8,44,201703,3/19/2017,1549,1714,-0.0963,4802,5721.875128,-0.160764628,0.3226,1831,0.319999993,3,0.044829454
1,26,201703,3/26/2017,1910,2033,-0.0605,4669,4708.889014,-0.008471003,0.4091,2119,0.449999988,4,-0.058044793
2,36,201703,3/26/2017,887,1006,-0.1183,2414,3054.285766,-0.209635187,0.3674,1069,0.349999994,4,-0.060036447
3,34,201703,3/26/2017,2328,2138,0.0889,6621,6517.64699,0.015857411,0.3516,2216,0.340000004,4,0.000695768
4,24,201703,3/26/2017,1059,1089,-0.0275,2464,2902.631615,-0.151115151,0.4298,1103,0.379999995,4,0.016614441
5,32,201703,3/26/2017,1663,1823,-0.0878,4653,5431.428664,-0.14331932,0.3574,1901,0.349999994,4,-0.023121387
6,42,201703,3/26/2017,611,580,0.0534,1485,1700.000029,-0.126470603,0.4114,595,0.349999994,4,0.044180971
7,48,201703,3/26/2017,269,269,0,767,962.9629247,-0.203499968,0.3507,260,0.270000011,4,0.105506579
8,44,201703,3/26/2017,1630,1627,0.0018,5016,5343.750119,-0.061333354,0.325,1710,0.319999993,4,0.044829454
1,26,201704,4/2/2017,425,404,0.052,1027,1251.111144,-0.179129684,0.4138,563,0.449999988,1,0.013900813
2,36,201704,4/2/2017,271,267,0.015,957,1211.428592,-0.210023598,0.2832,424,0.349999994,1,-0.009453976
3,34,201704,4/2/2017,839,797,0.0527,2822,3605.882315,-0.217389878,0.2973,1226,0.340000004,1,-0.013171424
4,24,201704,4/2/2017,214,216,-0.0093,681,810.526326,-0.159805205,0.3142,308,0.379999995,1,0.009476805
5,32,201704,4/2/2017,526,483,0.089,1882,2182.85718,-0.13782724,0.2795,764,0.349999994,1,-0.038539958
6,42,201704,4/2/2017,200,184,0.087,633,842.8571572,-0.248983064,0.316,295,0.349999994,1,-0.004570227
7,48,201704,4/2/2017,132,120,0.1,518,566.6666441,-0.085882317,0.2548,153,0.270000011,1,0.032604427
8,44,201704,4/2/2017,866,798,0.0852,2932,3537.500079,-0.171166096,0.2954,1132,0.319999993,1,-0.020626671
1,26,201704,4/9/2017,1040,1003,0.0369,2490,2531.111178,-0.016242344,0.4177,1139,0.449999988,2,0.013900813
2,36,201704,4/9/2017,477,467,0.0214,1396,1511.428597,-0.076370526,0.3417,529,0.349999994,2,-0.009453976
3,34,201704,4/9/2017,1677,1520,0.1033,5009,4958.823477,0.010118635,0.3348,1686,0.340000004,2,-0.013171424
4,24,201704,4/9/2017,521,546,-0.0458,1414,2121.052658,-0.333349884,0.3685,806,0.379999995,2,0.009476805
5,32,201704,4/9/2017,961,950,0.0116,3179,3040.000052,0.045723666,0.3023,1064,0.349999994,2,-0.038539958
6,42,201704,4/9/2017,476,476,0,1426,1514.28574,-0.058301903,0.3338,530,0.349999994,2,-0.004570227
7,48,201704,4/9/2017,184,196,-0.0612,624,703.7036757,-0.113263123,0.2949,190,0.270000011,2,0.032604427
8,44,201704,4/9/2017,1295,1314,-0.0145,4214,4359.375097,-0.033347692,0.3073,1395,0.319999993,2,-0.020626671
1,26,201704,4/16/2017,873,1054,-0.1717,2625,2515.555622,0.043507039,0.3326,1132,0.449999988,3,0.013900813
2,36,201704,4/16/2017,552,617,-0.1053,1652,2002.857177,-0.175178331,0.3341,701,0.349999994,3,-0.009453976
3,34,201704,4/16/2017,1542,1542,0,4366,4885.294066,-0.106297402,0.3532,1661,0.340000004,3,-0.013171424
4,24,201704,4/16/2017,496,617,-0.1961,1494,1707.894758,-0.12523884,0.332,649,0.379999995,3,0.009476805
5,32,201704,4/16/2017,1219,1106,0.1022,3638,3377.142915,0.077241944,0.3351,1182,0.349999994,3,-0.038539958
6,42,201704,4/16/2017,382,395,-0.0329,1077,1265.714307,-0.14909708,0.3547,443,0.349999994,3,-0.004570227
7,48,201704,4/16/2017,119,138,-0.1377,392,525.925905,-0.254647858,0.3036,142,0.270000011,3,0.032604427
8,44,201704,4/16/2017,1086,1355,-0.1985,3609,4496.875101,-0.197442686,0.3009,1439,0.319999993,3,-0.020626671
1,26,201704,4/23/2017,1329,1245,0.0675,3171,3242.222308,-0.021967127,0.4191,1459,0.449999988,4,0.013900813
2,36,201704,4/23/2017,649,709,-0.0846,1751,2208.571466,-0.207179832,0.3706,773,0.349999994,4,-0.009453976
3,34,201704,4/23/2017,1884,1786,0.0549,5627,5726.470528,-0.017370303,0.3348,1947,0.340000004,4,-0.013171424
4,24,201704,4/23/2017,685,751,-0.0879,1923,2015.789499,-0.046031344,0.3562,766,0.379999995,4,0.009476805
5,32,201704,4/23/2017,1327,1222,0.0859,3774,3825.714351,-0.013517567,0.3516,1339,0.349999994,4,-0.038539958
6,42,201704,4/23/2017,580,457,0.2691,1459,1497.142883,-0.025477116,0.3975,524,0.349999994,4,-0.004570227
7,48,201704,4/23/2017,257,232,0.1078,759,866.6666322,-0.124230734,0.3386,234,0.270000011,4,0.032604427
8,44,201704,4/23/2017,1369,1450,-0.0559,4418,4937.50011,-0.10521521,0.3099,1580,0.319999993,4,-0.020626671
1,26,201704,4/30/2017,1830,2028,-0.0976,3792,3991.111217,-0.049888667,0.4826,1796,0.449999988,5,0.013900813
2,36,201704,4/30/2017,907,1054,-0.1395,2332,2811.428619,-0.170528469,0.3889,984,0.349999994,5,-0.009453976
3,34,201704,4/30/2017,2685,2631,0.0205,6983,7455.882275,-0.063424053,0.3845,2535,0.340000004,5,-0.013171424
4,24,201704,4/30/2017,1025,1119,-0.084,2609,2852.631615,-0.085405916,0.3929,1084,0.379999995,5,0.009476805
5,32,201704,4/30/2017,1611,1784,-0.097,4428,4765.714367,-0.070863325,0.3638,1668,0.349999994,5,-0.038539958
6,42,201704,4/30/2017,649,700,-0.0729,1664,1948.571462,-0.14604107,0.39,682,0.349999994,5,-0.004570227
7,48,201704,4/30/2017,296,257,0.1518,856,966.6666283,-0.114482723,0.3458,261,0.270000011,5,0.032604427
8,44,201704,4/30/2017,1550,1604,-0.0337,4592,5228.125117,-0.12167366,0.3375,1673,0.319999993,5,-0.020626671
1,26,201705,5/7/2017,863,768,0.1237,2041,1942.222274,0.050858096,0.4228,874,0.449999988,1,-0.006540287
2,36,201705,5/7/2017,501,503,-0.004,1456,1614.285742,-0.098053113,0.3441,565,0.349999994,1,-0.013980699
3,34,201705,5/7/2017,1526,1555,-0.0186,4672,4823.529361,-0.031414624,0.3266,1640,0.340000004,1,-0.036872144
4,24,201705,5/7/2017,485,468,0.0363,1297,1357.894754,-0.044844973,0.3739,516,0.379999995,1,-0.015871423
5,32,201705,5/7/2017,1089,1089,0,3280,3351.428629,-0.02131289,0.332,1173,0.349999994,1,-0.062611081
6,42,201705,5/7/2017,412,460,-0.1043,1288,1545.714312,-0.166728295,0.3199,541,0.349999994,1,0.026954565
7,48,201705,5/7/2017,201,192,0.0469,647,722.2221935,-0.104153811,0.3107,195,0.270000011,1,0.009796836
8,44,201705,5/7/2017,1101,1220,-0.0975,3736,4090.625091,-0.086692152,0.2947,1309,0.319999993,1,-0.030926242
1,26,201705,5/14/2017,1115,1207,-0.0762,2549,2888.888965,-0.11765387,0.4374,1300,0.449999988,2,-0.006540287
2,36,201705,5/14/2017,616,689,-0.106,1889,2265.714324,-0.166267353,0.3261,793,0.349999994,2,-0.013980699
3,34,201705,5/14/2017,1702,1844,-0.077,5168,5847.058762,-0.116136812,0.3293,1988,0.340000004,2,-0.036872144
4,24,201705,5/14/2017,660,720,-0.0833,1841,2042.105289,-0.098479393,0.3585,776,0.379999995,2,-0.015871423
5,32,201705,5/14/2017,1272,1255,0.0135,4014,3888.571495,0.032255677,0.3169,1361,0.349999994,2,-0.062611081
6,42,201705,5/14/2017,496,523,-0.0516,1488,1657.142885,-0.102068981,0.3333,580,0.349999994,2,0.026954565
7,48,201705,5/14/2017,149,198,-0.2475,604,733.3333042,-0.176363604,0.2467,198,0.270000011,2,0.009796836
8,44,201705,5/14/2017,1261,1495,-0.1565,4118,4868.750109,-0.154197708,0.3062,1558,0.319999993,2,-0.030926242
1,26,201705,5/21/2017,1359,1376,-0.0124,2981,3375.555645,-0.116886133,0.4559,1519,0.449999988,3,-0.006540287
2,36,201705,5/21/2017,747,762,-0.0197,2008,2420.000041,-0.170247948,0.372,847,0.349999994,3,-0.013980699
3,34,201705,5/21/2017,2079,2173,-0.0433,5866,6755.882282,-0.131719625,0.3544,2297,0.340000004,3,-0.036872144
4,24,201705,5/21/2017,894,848,0.0542,2118,2289.473713,-0.074896563,0.4221,870,0.379999995,3,-0.015871423
5,32,201705,5/21/2017,1315,1379,-0.0464,3951,4142.857213,-0.046310361,0.3328,1450,0.349999994,3,-0.062611081
6,42,201705,5/21/2017,752,625,0.2032,1942,1928.571461,0.006962946,0.3872,675,0.349999994,3,0.026954565
7,48,201705,5/21/2017,234,240,-0.025,839,929.6295927,-0.097490004,0.2789,251,0.270000011,3,0.009796836
8,44,201705,5/21/2017,1291,1507,-0.1433,4030,4837.500108,-0.166925083,0.3203,1548,0.319999993,3,-0.030926242
1,26,201705,5/28/2017,2968,3265,-0.091,6007,5280.00014,0.137689364,0.4941,2376,0.449999988,4,-0.006540287
2,36,201705,5/28/2017,1601,1743,-0.0815,3850,3645.714348,0.056034465,0.4158,1276,0.349999994,4,-0.013980699
3,34,201705,5/28/2017,3820,3904,-0.0215,9363,8132.352856,0.151327318,0.408,2765,0.340000004,4,-0.036872144
4,24,201705,5/28/2017,1558,1678,-0.0715,3617,3260.526357,0.109330091,0.4307,1239,0.379999995,4,-0.015871423
5,32,201705,5/28/2017,2862,2888,-0.009,7421,5734.285812,0.294145469,0.3857,2007,0.349999994,4,-0.062611081
6,42,201705,5/28/2017,1412,1299,0.087,3305,2845.714334,0.161395563,0.4272,996,0.349999994,4,0.026954565
7,48,201705,5/28/2017,395,400,-0.0125,1211,1151.851806,0.051350524,0.3262,311,0.270000011,4,0.009796836
8,44,201705,5/28/2017,2959,3204,-0.0765,7654,7306.250163,0.047596213,0.3866,2338,0.319999993,4,-0.030926242
1,26,201706,6/4/2017,721,772,-0.0661,1779,2022.222276,-0.120274749,0.4053,910,0.449999988,1,0.002994162
2,36,201706,6/4/2017,487,531,-0.0829,1474,1782.857173,-0.173237194,0.3304,624,0.349999994,1,-0.008062082
3,34,201706,6/4/2017,1499,1358,0.1038,4388,4408.823483,-0.004723138,0.3416,1499,0.340000004,1,-0.021929117
4,24,201706,6/4/2017,515,437,0.1785,1438,1323.684227,0.086361815,0.3581,503,0.379999995,1,0.003104562
5,32,201706,6/4/2017,867,820,0.0573,2836,2568.571472,0.104115665,0.3057,899,0.349999994,1,-0.050597616
6,42,201706,6/4/2017,498,468,0.0641,1593,1497.142883,0.064026699,0.3126,524,0.349999994,1,0.026104322
7,48,201706,6/4/2017,159,164,-0.0305,520,611.1110868,-0.149090875,0.3058,165,0.270000011,1,0.023801296
8,44,201706,6/4/2017,997,1055,-0.055,3416,3581.25008,-0.046143128,0.2919,1146,0.319999993,1,0.010517869
1,26,201706,6/11/2017,989,1031,-0.0407,2293,2735.555628,-0.161779064,0.4313,1231,0.449999988,2,0.002994162
2,36,201706,6/11/2017,538,583,-0.0772,1625,1862.857175,-0.127684064,0.3311,652,0.349999994,2,-0.008062082
3,34,201706,6/11/2017,1663,1640,0.014,4670,5364.705826,-0.129495605,0.3561,1824,0.340000004,2,-0.021929117
4,24,201706,6/11/2017,536,594,-0.0976,1494,1544.736861,-0.032844987,0.3588,587,0.379999995,2,0.003104562
5,32,201706,6/11/2017,1111,1145,-0.0297,3538,3428.571487,0.031916649,0.314,1200,0.349999994,2,-0.050597616
6,42,201706,6/11/2017,555,544,0.0202,1813,1771.428602,0.023467725,0.3061,620,0.349999994,2,0.026104322
7,48,201706,6/11/2017,192,207,-0.0725,724,777.7777469,-0.06914282,0.2652,210,0.270000011,2,0.023801296
8,44,201706,6/11/2017,963,1161,-0.1705,3450,3862.500086,-0.106796136,0.2791,1236,0.319999993,2,0.010517869
1,26,201706,6/18/2017,1100,1121,-0.0187,2508,2784.444518,-0.099281748,0.4386,1253,0.449999988,3,0.002994162
2,36,201706,6/18/2017,665,716,-0.0712,1755,2228.571467,-0.212500013,0.3789,780,0.349999994,3,-0.008062082
3,34,201706,6/18/2017,1768,1799,-0.0172,5017,5591.176412,-0.10269331,0.3524,1901,0.340000004,3,-0.021929117
4,24,201706,6/18/2017,658,686,-0.0408,1757,1963.157919,-0.105013416,0.3745,746,0.379999995,3,0.003104562
5,32,201706,6/18/2017,1280,1322,-0.0318,4175,4128.571499,0.011245658,0.3066,1445,0.349999994,3,-0.050597616
6,42,201706,6/18/2017,624,660,-0.0545,1909,2028.571463,-0.058943678,0.3269,710,0.349999994,3,0.026104322
7,48,201706,6/18/2017,195,230,-0.1522,626,855.5555216,-0.268311659,0.3115,231,0.270000011,3,0.023801296
8,44,201706,6/18/2017,946,1134,-0.1658,3247,3809.375085,-0.147629223,0.2913,1219,0.319999993,3,0.010517869
1,26,201706,6/25/2017,1579,1497,0.0548,3222,3751.11121,-0.141054525,0.4901,1688,0.449999988,4,0.002994162
2,36,201706,6/25/2017,802,859,-0.0664,2110,2705.714332,-0.220168968,0.3801,947,0.349999994,4,-0.008062082
3,34,201706,6/25/2017,2172,2238,-0.0295,6187,6979.411691,-0.1135356,0.3511,2373,0.340000004,4,-0.021929117
4,24,201706,6/25/2017,792,881,-0.101,2132,2523.684242,-0.155203347,0.3715,959,0.379999995,4,0.003104562
5,32,201706,6/25/2017,1399,1488,-0.0598,4268,4497.142934,-0.050953002,0.3278,1574,0.349999994,4,-0.050597616
6,42,201706,6/25/2017,721,770,-0.0636,1935,2382.857183,-0.187949654,0.3726,834,0.349999994,4,0.026104322
7,48,201706,6/25/2017,232,262,-0.1145,787,977.7777389,-0.195113604,0.2948,264,0.270000011,4,0.023801296
8,44,201706,6/25/2017,1261,1522,-0.1715,4064,4937.50011,-0.176911411,0.3103,1580,0.319999993,4,0.010517869
1,26,201707,7/2/2017,955,853,0.1196,2015,2137.777834,-0.057432457,0.4739,962,0.449999988,1,0.014526197
2,36,201707,7/2/2017,730,606,0.2046,1826,1862.857175,-0.019785293,0.3998,652,0.349999994,1,-0.025153261
3,34,201707,7/2/2017,2633,2096,0.2562,6497,6344.11758,0.024098295,0.4053,2157,0.340000004,1,-0.031908271
4,24,201707,7/2/2017,553,505,0.095,1265,1278.947384,-0.010905362,0.4372,486,0.379999995,1,0.001018999
5,32,201707,7/2/2017,1454,1293,0.1245,4102,3577.142918,0.14672522,0.3545,1252,0.349999994,1,-0.05595362
6,42,201707,7/2/2017,874,777,0.1248,2082,2145.714322,-0.029693758,0.4198,751,0.349999994,1,0.004886678
7,48,201707,7/2/2017,227,224,0.0134,620,792.5925611,-0.217756978,0.3661,214,0.270000011,1,0.048427293
8,44,201707,7/2/2017,1964,2164,-0.0924,5140,6618.750148,-0.223418337,0.3821,2118,0.319999993,1,-0.020800483
1,26,201707,7/9/2017,962,899,0.0701,2281,2317.777839,-0.015867715,0.4217,1043,0.449999988,2,0.014526197
2,36,201707,7/9/2017,564,552,0.0217,1775,1774.285745,0.000402559,0.3177,621,0.349999994,2,-0.025153261
3,34,201707,7/9/2017,1625,1686,-0.0362,4972,5435.29406,-0.085238086,0.3268,1848,0.340000004,2,-0.031908271
4,24,201707,7/9/2017,550,567,-0.03,1522,1686.842126,-0.09772232,0.3614,641,0.379999995,2,0.001018999
5,32,201707,7/9/2017,981,1045,-0.0612,3279,3245.714341,0.010255264,0.2992,1136,0.349999994,2,-0.05595362
6,42,201707,7/9/2017,556,543,0.0239,1623,1745.714315,-0.070294615,0.3426,611,0.349999994,2,0.004886678
7,48,201707,7/9/2017,194,187,0.0374,720,737.0370077,-0.023115539,0.2694,199,0.270000011,2,0.048427293
8,44,201707,7/9/2017,978,1177,-0.1691,3168,4034.37509,-0.214748275,0.3087,1291,0.319999993,2,-0.020800483
1,26,201707,7/16/2017,1117,1037,0.0771,2457,2584.444513,-0.049312149,0.4546,1163,0.449999988,3,0.014526197
2,36,201707,7/16/2017,701,662,0.0589,1934,2128.571465,-0.091409411,0.3625,745,0.349999994,3,-0.025153261
3,34,201707,7/16/2017,1741,1712,0.0169,5309,5408.823473,-0.018455672,0.3279,1839,0.340000004,3,-0.031908271
4,24,201707,7/16/2017,637,668,-0.0464,1720,1897.368445,-0.093481287,0.3703,721,0.379999995,3,0.001018999
5,32,201707,7/16/2017,1326,1377,-0.037,4014,4288.571502,-0.064024,0.3303,1501,0.349999994,3,-0.05595362
6,42,201707,7/16/2017,673,584,0.1524,1937,1971.428605,-0.017463785,0.3474,690,0.349999994,3,0.004886678
7,48,201707,7/16/2017,231,221,0.0452,768,866.6666322,-0.113846119,0.3008,234,0.270000011,3,0.048427293
8,44,201707,7/16/2017,1083,1272,-0.1486,3582,4228.125095,-0.152815983,0.3023,1353,0.319999993,3,-0.020800483
1,26,201707,7/23/2017,1285,1329,-0.0331,2774,3211.111196,-0.13612459,0.4632,1445,0.449999988,4,0.014526197
2,36,201707,7/23/2017,691,734,-0.0586,1960,2425.714327,-0.191990591,0.3526,849,0.349999994,4,-0.025153261
3,34,201707,7/23/2017,1751,1966,-0.1094,5284,6158.823465,-0.142043926,0.3314,2094,0.340000004,4,-0.031908271
4,24,201707,7/23/2017,691,803,-0.1395,1764,2278.947397,-0.225958439,0.3917,866,0.379999995,4,0.001018999
5,32,201707,7/23/2017,1297,1316,-0.0144,3905,4117.142927,-0.051526734,0.3321,1441,0.349999994,4,-0.05595362
6,42,201707,7/23/2017,634,685,-0.0745,1819,2185.714323,-0.167777792,0.3485,765,0.349999994,4,0.004886678
7,48,201707,7/23/2017,228,229,-0.0044,813,892.5925571,-0.089170088,0.2804,241,0.270000011,4,0.048427293
8,44,201707,7/23/2017,1115,1300,-0.1423,3436,4431.250099,-0.224598043,0.3245,1418,0.319999993,4,-0.020800483
1,26,201707,7/30/2017,2064,2641,-0.2185,4198,4928.889019,-0.148286767,0.4917,2218,0.449999988,5,0.014526197
2,36,201707,7/30/2017,932,1276,-0.2696,2389,3468.571488,-0.311243834,0.3901,1214,0.349999994,5,-0.025153261
3,34,201707,7/30/2017,2583,2988,-0.1355,6849,8467.64697,-0.191156643,0.3771,2879,0.340000004,5,-0.031908271
4,24,201707,7/30/2017,1081,1458,-0.2586,2609,3489.473728,-0.252322785,0.4143,1326,0.379999995,5,0.001018999
5,32,201707,7/30/2017,1734,2109,-0.1778,4765,5880.0001,-0.189625864,0.3639,2058,0.349999994,5,-0.05595362
6,42,201707,7/30/2017,713,961,-0.2581,2023,2677.142903,-0.244343663,0.3524,937,0.349999994,5,0.004886678
7,48,201707,7/30/2017,297,337,-0.1187,870,1185.185138,-0.265937471,0.3414,320,0.270000011,5,0.048427293
8,44,201707,7/30/2017,1364,1607,-0.1512,4053,5187.500116,-0.218698813,0.3365,1660,0.319999993,5,-0.020800483
1,26,201708,8/6/2017,875,899,-0.0267,2092,2240.000059,-0.066071453,0.4183,1008,0.449999988,1,-0.035533753
2,36,201708,8/6/2017,511,581,-0.1205,1667,1957.14289,-0.14824819,0.3065,685,0.349999994,1,-0.055572182
3,34,201708,8/6/2017,1568,1717,-0.0868,4938,5620.588176,-0.121444261,0.3175,1911,0.340000004,1,-0.058278766
4,24,201708,8/6/2017,499,554,-0.0993,1521,1647.368442,-0.076709277,0.3281,626,0.379999995,1,-0.027355842
5,32,201708,8/6/2017,1084,1260,-0.1397,3554,3965.714353,-0.103818459,0.305,1388,0.349999994,1,-0.122958347
6,42,201708,8/6/2017,457,515,-0.1126,1604,1740.00003,-0.078160935,0.2849,609,0.349999994,1,-0.039550422
7,48,201708,8/6/2017,165,193,-0.1451,645,740.7407113,-0.129249965,0.2558,200,0.270000011,1,-0.001578287
8,44,201708,8/6/2017,949,1144,-0.1705,3319,3843.750086,-0.136520345,0.2859,1230,0.319999993,1,-0.056514858
1,26,201708,8/13/2017,1108,1074,0.0317,2563,2655.555626,-0.034853582,0.4323,1195,0.449999988,2,-0.035533753
2,36,201708,8/13/2017,590,633,-0.0679,1735,2100.000036,-0.173809538,0.3401,735,0.349999994,2,-0.055572182
3,34,201708,8/13/2017,1745,2107,-0.1718,5424,6582.352872,-0.175978544,0.3217,2238,0.340000004,2,-0.058278766
4,24,201708,8/13/2017,684,725,-0.0566,1847,2123.684237,-0.130285017,0.3703,807,0.379999995,2,-0.027355842
5,32,201708,8/13/2017,1166,1299,-0.1024,3533,3894.285781,-0.09277331,0.33,1363,0.349999994,2,-0.122958347
6,42,201708,8/13/2017,532,589,-0.0968,1516,1957.14289,-0.225401473,0.3509,685,0.349999994,2,-0.039550422
7,48,201708,8/13/2017,206,226,-0.0885,680,870.3703358,-0.218723373,0.3029,235,0.270000011,2,-0.001578287
8,44,201708,8/13/2017,974,1300,-0.2508,3271,4287.500096,-0.237084565,0.2978,1372,0.319999993,2,-0.056514858
1,26,201708,8/20/2017,1392,1332,0.045,3055,3173.333417,-0.037289941,0.4556,1428,0.449999988,3,-0.035533753
2,36,201708,8/20/2017,650,763,-0.1481,1936,2371.428612,-0.183614472,0.3357,830,0.349999994,3,-0.055572182
3,34,201708,8/20/2017,1981,2190,-0.0954,5810,7129.41169,-0.185065998,0.341,2424,0.340000004,3,-0.058278766
4,24,201708,8/20/2017,739,897,-0.1761,1971,2526.315821,-0.21981251,0.3749,960,0.379999995,3,-0.027355842
5,32,201708,8/20/2017,1445,1543,-0.0635,3996,4708.571509,-0.151334966,0.3616,1648,0.349999994,3,-0.122958347
6,42,201708,8/20/2017,616,693,-0.1111,1871,2197.142895,-0.148439546,0.3292,769,0.349999994,3,-0.039550422
7,48,201708,8/20/2017,228,245,-0.0694,697,959.2592211,-0.273397655,0.3271,259,0.270000011,3,-0.001578287
8,44,201708,8/20/2017,1042,1332,-0.2177,3514,4418.750099,-0.204752493,0.2965,1414,0.319999993,3,-0.056514858
1,26,201708,8/27/2017,1648,1754,-0.0604,3602,4084.444553,-0.118117542,0.4575,1838,0.449999988,4,-0.035533753
2,36,201708,8/27/2017,865,976,-0.1137,2266,2965.714336,-0.235934502,0.3817,1038,0.349999994,4,-0.055572182
3,34,201708,8/27/2017,2178,2674,-0.1855,6164,8341.176383,-0.261015507,0.3533,2836,0.340000004,4,-0.058278766
4,24,201708,8/27/2017,946,1142,-0.1716,2395,3126.315829,-0.233922569,0.395,1188,0.379999995,4,-0.027355842
5,32,201708,8/27/2017,1201,1625,-0.2609,3366,4962.857227,-0.32176167,0.3568,1737,0.349999994,4,-0.122958347
6,42,201708,8/27/2017,632,794,-0.204,1739,2480.000042,-0.298790335,0.3634,868,0.349999994,4,-0.039550422
7,48,201708,8/27/2017,303,328,-0.0762,900,1188.888842,-0.242990624,0.3367,321,0.270000011,4,-0.001578287
8,44,201708,8/27/2017,1096,1541,-0.2888,3467,5168.750116,-0.329238225,0.3161,1654,0.319999993,4,-0.056514858
1,26,201709,9/3/2017,1725,1890,-0.0873,3620,4551.111232,-0.204589865,0.4765,2048,0.449999988,1,0.008325078
2,36,201709,9/3/2017,882,1118,-0.2111,2245,3328.571485,-0.325536492,0.3929,1165,0.349999994,1,-0.03308336
3,34,201709,9/3/2017,2673,3258,-0.1796,7496,10261.7646,-0.269521345,0.3566,3489,0.340000004,1,-0.056290558
4,24,201709,9/3/2017,990,1257,-0.2124,2500,3463.157938,-0.278115511,0.396,1316,0.379999995,1,-0.004678945
5,32,201709,9/3/2017,2010,2406,-0.1646,5780,7280.000124,-0.20604397,0.3478,2548,0.349999994,1,-0.135349539
6,42,201709,9/3/2017,1059,1133,-0.0653,2773,3517.142917,-0.211575968,0.3819,1231,0.349999994,1,-0.019352868
7,48,201709,9/3/2017,352,457,-0.2298,1016,1622.222158,-0.373698605,0.3465,438,0.270000011,1,0.042666839
8,44,201709,9/3/2017,2153,3040,-0.2918,6127,9978.125223,-0.385956794,0.3514,3193,0.319999993,1,-0.067681366
1,26,201709,9/10/2017,977,907,0.0772,2336,2473.333399,-0.055525631,0.4182,1113,0.449999988,2,0.008325078
2,36,201709,9/10/2017,522,605,-0.1372,1524,1931.428604,-0.210946759,0.3425,676,0.349999994,2,-0.03308336
3,34,201709,9/10/2017,741,905,-0.1812,2227,2961.764675,-0.248083408,0.3327,1007,0.340000004,2,-0.056290558
4,24,201709,9/10/2017,554,566,-0.0212,1420,1705.263179,-0.167283961,0.3901,648,0.379999995,2,-0.004678945
5,32,201709,9/10/2017,1117,1150,-0.0287,3515,3611.428633,-0.026700966,0.3178,1264,0.349999994,2,-0.135349539
6,42,201709,9/10/2017,497,495,0.004,1503,1691.4286,-0.111402042,0.3307,592,0.349999994,2,-0.019352868
7,48,201709,9/10/2017,171,197,-0.132,599,788.8888575,-0.240704195,0.2855,213,0.270000011,2,0.042666839
8,44,201709,9/10/2017,948,1143,-0.1706,3168,3890.625087,-0.185734958,0.2992,1245,0.319999993,2,-0.067681366
1,26,201709,9/17/2017,1253,1227,0.0212,2752,3077.777859,-0.105848399,0.4553,1385,0.449999988,3,0.008325078
2,36,201709,9/17/2017,611,671,-0.0894,1642,2100.000036,-0.218095251,0.3721,735,0.349999994,3,-0.03308336
3,34,201709,9/17/2017,1654,1952,-0.1527,5190,6282.352875,-0.173876396,0.3187,2136,0.340000004,3,-0.056290558
4,24,201709,9/17/2017,718,748,-0.0401,1929,2157.894764,-0.106073182,0.3722,820,0.379999995,3,-0.004678945
5,32,201709,9/17/2017,1292,1307,-0.0115,3663,3962.85721,-0.075666923,0.3527,1387,0.349999994,3,-0.135349539
6,42,201709,9/17/2017,572,616,-0.0714,1824,2042.857178,-0.107132882,0.3136,715,0.349999994,3,-0.019352868
7,48,201709,9/17/2017,226,234,-0.0342,793,851.851818,-0.06908692,0.285,230,0.270000011,3,0.042666839
8,44,201709,9/17/2017,931,1142,-0.1848,3066,3937.500088,-0.221333351,0.3037,1260,0.319999993,3,-0.067681366
1,26,201709,9/24/2017,1445,1447,-0.0014,3154,3540.000094,-0.109039572,0.4581,1593,0.449999988,4,0.008325078
2,36,201709,9/24/2017,726,823,-0.1179,1882,2588.571473,-0.27295807,0.3858,906,0.349999994,4,-0.03308336
3,34,201709,9/24/2017,1950,2192,-0.1104,5710,6855.882281,-0.167138558,0.3415,2331,0.340000004,4,-0.056290558
4,24,201709,9/24/2017,808,888,-0.0901,2003,2557.894769,-0.216934166,0.4034,972,0.379999995,4,-0.004678945
5,32,201709,9/24/2017,1592,1482,0.0742,4427,4462.857219,-0.008034588,0.3596,1562,0.349999994,4,-0.135349539
6,42,201709,9/24/2017,584,652,-0.1043,1800,2105.714322,-0.14518319,0.3244,737,0.349999994,4,-0.019352868
7,48,201709,9/24/2017,271,262,0.0344,731,1014.814774,-0.279671504,0.3707,274,0.270000011,4,0.042666839
8,44,201709,9/24/2017,1128,1411,-0.2006,3743,4721.875106,-0.207306437,0.3014,1511,0.319999993,4,-0.067681366
1,26,201709,10/1/2017,1687,1412,0.1948,3523,3435.555647,0.025452754,0.4789,1546,0.449999988,5,0.008325078
2,36,201709,10/1/2017,791,796,-0.0063,1964,2474.285756,-0.206235579,0.4027,866,0.349999994,5,-0.03308336
3,34,201709,10/1/2017,2346,2238,0.0483,5960,7020.588161,-0.151068278,0.3936,2387,0.340000004,5,-0.056290558
4,24,201709,10/1/2017,1046,900,0.1622,2431,2571.052664,-0.054472888,0.4303,977,0.379999995,5,-0.004678945
5,32,201709,10/1/2017,1666,1372,0.2143,4420,4140.000071,0.067632832,0.3769,1449,0.349999994,5,-0.135349539
6,42,201709,10/1/2017,637,568,0.1215,1649,1797.142888,-0.082432448,0.3863,629,0.349999994,5,-0.019352868
7,48,201709,10/1/2017,262,247,0.0607,662,962.9629247,-0.312538434,0.3958,260,0.270000011,5,0.042666839
8,44,201709,10/1/2017,1165,1328,-0.1227,3417,4418.750099,-0.226704402,0.3409,1414,0.319999993,5,-0.067681366
1,26,201710,10/8/2017,999,1059,-0.0567,2392,2680.000071,-0.10746271,0.4176,1206,0.449999988,1,-0.025362627
2,36,201710,10/8/2017,491,433,0.1339,1304,1434.285739,-0.090836669,0.3765,502,0.349999994,1,-0.055518397
3,34,201710,10/8/2017,1385,1270,0.0906,4151,4235.294073,-0.019902767,0.3337,1440,0.340000004,1,-0.022196655
4,24,201710,10/8/2017,547,672,-0.186,1555,2023.684236,-0.231599489,0.3518,769,0.379999995,1,-0.022472791
5,32,201710,10/8/2017,1059,1157,-0.0847,3255,3517.142917,-0.074532916,0.3253,1231,0.349999994,1,-0.10517446
6,42,201710,10/8/2017,460,516,-0.1085,1412,1688.571457,-0.1637902,0.3258,591,0.349999994,1,-0.006667903
7,48,201710,10/8/2017,165,182,-0.0934,576,688.8888615,-0.163870935,0.2865,186,0.270000011,1,0.034230837
8,44,201710,10/8/2017,844,1096,-0.2299,3019,3715.625083,-0.1874853,0.2796,1189,0.319999993,1,-0.014467513
1,26,201710,10/15/2017,1311,1291,0.0155,3039,3097.77786,-0.018974201,0.4314,1394,0.449999988,2,-0.025362627
2,36,201710,10/15/2017,595,669,-0.1106,1693,2108.571464,-0.197086735,0.3514,738,0.349999994,2,-0.055518397
3,34,201710,10/15/2017,1876,1801,0.0416,5345,5797.058763,-0.077980711,0.351,1971,0.340000004,2,-0.022196655
4,24,201710,10/15/2017,630,770,-0.1818,1700,2200.000028,-0.227272737,0.3706,836,0.379999995,2,-0.022472791
5,32,201710,10/15/2017,1293,1259,0.027,3825,3942.85721,-0.029891321,0.338,1380,0.349999994,2,-0.10517446
6,42,201710,10/15/2017,568,599,-0.0518,1702,1877.142889,-0.093302907,0.3337,657,0.349999994,2,-0.006667903
7,48,201710,10/15/2017,202,217,-0.0691,655,766.6666362,-0.14565214,0.3084,207,0.270000011,2,0.034230837
8,44,201710,10/15/2017,870,1050,-0.1714,3050,3650.000082,-0.16438358,0.2852,1168,0.319999993,2,-0.014467513
1,26,201710,10/22/2017,1263,1038,0.2168,2725,2600.000069,0.048076895,0.4635,1170,0.449999988,3,-0.025362627
2,36,201710,10/22/2017,593,620,-0.0435,1652,1965.714319,-0.159593038,0.359,688,0.349999994,3,-0.055518397
3,34,201710,10/22/2017,1801,1824,-0.0126,5246,5814.705821,-0.097804745,0.3433,1977,0.340000004,3,-0.022196655
4,24,201710,10/22/2017,676,720,-0.0611,1881,2094.736868,-0.102035187,0.3594,796,0.379999995,3,-0.022472791
5,32,201710,10/22/2017,1332,1246,0.069,3902,3988.571496,-0.021704888,0.3414,1396,0.349999994,3,-0.10517446
6,42,201710,10/22/2017,562,542,0.0369,1699,1780.00003,-0.045505634,0.3308,623,0.349999994,3,-0.006667903
7,48,201710,10/22/2017,186,196,-0.051,567,744.4444149,-0.238358179,0.328,201,0.270000011,3,0.034230837
8,44,201710,10/22/2017,991,1159,-0.145,3405,3962.500089,-0.140694026,0.291,1268,0.319999993,3,-0.014467513
